Date,Open,High,Low,Close,Volume,Likes,Retweets,Positive,Neutral,Negative,Composite
2019-01-02,61.220001,63.026001,59.759998,62.023998,58293000,6.726833977,1.239382239,0.074760618,0.877834942,0.047407336,0.093179633
2019-01-03,61.400002,61.880001,59.476002,60.071999,34826000,8.457988166,1.24852071,0.078756213,0.881054438,0.040178698,0.124867929
2019-01-04,61.200001,63.599998,60.546001,63.537998,36970500,4.014117647,0.995294118,0.068437647,0.896170588,0.035385882,0.098981765
2019-01-07,64.344002,67.348,63.549999,66.991997,37756000,22.7804878,3.999061914,0.060005629,0.914885553,0.025106942,0.112631144
2019-01-08,68.391998,68.802002,65.403999,67.07,35042500,4.4217119,1.165970772,0.074020877,0.889061587,0.036922756,0.103614927
2019-01-09,67.099998,68.699997,66.293999,67.706001,27164500,4.729425028,1.091319053,0.076898534,0.879523112,0.043573844,0.114271702
2019-01-10,66.879997,69.078003,66.358002,68.994003,30282000,9.347685684,1.434876211,0.071219591,0.893839612,0.034940797,0.121093003
2019-01-11,68.417999,69.681999,67.753998,69.452003,25195500,6.743648961,1.199769053,0.073296767,0.893610855,0.033083141,0.132315127
2019-01-14,68.475998,68.5,66.800003,66.879997,26236500,6.679882526,1.234948605,0.076671072,0.891709251,0.031634361,0.141276358
2019-01-15,67,69.760002,66.900002,68.886002,30283000,5.893902439,1.124390244,0.080958537,0.889254878,0.029791463,0.154070732
2019-01-16,68.956001,70.400002,68.699997,69.209999,23458500,5.882275132,1.252645503,0.077763228,0.895230159,0.027003968,0.161902116
2019-01-17,69.241997,70.300003,68.830002,69.461998,18383500,4.46993865,0.896932515,0.074317791,0.896652761,0.029029448,0.147744663
2019-01-18,64.599998,65.426003,59.945999,60.452,120754000,3.802442529,1.266522989,0.064945402,0.882946121,0.052112069,0.050920043
2019-01-22,60.964001,61.599998,59.099998,59.784,60333500,5.563975155,1.186335404,0.069424845,0.895091925,0.035475776,0.109308944
2019-01-23,58.5,58.900002,56.338001,57.518002,62650000,3.911525029,0.905704307,0.072888242,0.882905704,0.044214203,0.098699651
2019-01-24,56.605999,58.736,55.855999,58.301998,40061000,7.113009198,1.291721419,0.077055191,0.888390276,0.034568988,0.132452562
2019-01-25,58.877998,59.703999,57.91,59.408001,36248000,4.660060976,1.19054878,0.078221037,0.886564024,0.03521189,0.149657774
2019-01-28,58.582001,59.492001,57.549999,59.276001,32116500,10.07886905,1.5625,0.07274256,0.892473214,0.034791667,0.127431994
2019-01-29,59.054001,59.712002,58.360001,59.492001,23108500,3.912208505,0.912208505,0.071142661,0.891237311,0.037618656,0.113070645
2019-01-30,60.09,61.799999,59.698002,61.754002,56251500,3.700722394,0.786377709,0.073633643,0.891697626,0.034662539,0.120855418
2019-01-31,60.200001,62.312,58.799999,61.403999,62846000,6.141843972,1.156914894,0.073547872,0.889260638,0.037205674,0.115870124
2019-02-01,61.084,63.220001,60.700001,62.442001,36417000,4.383390216,0.852104664,0.078659841,0.891473265,0.029886234,0.155913879
2019-02-04,62.596001,63.060001,60.375999,62.577999,36760500,10.57849197,1.394313968,0.07907293,0.893624227,0.027300371,0.143655871
2019-02-05,62.498001,64.487999,62.450001,64.269997,33714000,5.684855234,1.057906459,0.070888641,0.899580178,0.029528953,0.119362472
2019-02-06,63.917999,64.848,63.124001,63.444,25192500,13.13950456,1.239895698,0.066252934,0.903443286,0.030297262,0.104251499
2019-02-07,62.66,62.939999,60.599998,61.501999,32603000,5.252918288,1.007782101,0.078941634,0.885853437,0.035204929,0.119780156
2019-02-08,61.366001,61.490002,59.700001,61.16,29221000,15.48285322,1.88340192,0.088159122,0.88429904,0.027539095,0.179449931
2019-02-11,62.32,63.720001,62.099998,62.568001,35648500,6.212516297,1.25684485,0.069578879,0.90089309,0.029539765,0.120362451
2019-02-12,63.240002,63.638,61.924,62.362,27588000,7.420268256,1.290611028,0.080260805,0.886172876,0.033561848,0.153462742
2019-02-13,62.470001,62.549999,61.113998,61.633999,25708000,5.895408163,1.090561224,0.089272959,0.877061224,0.033678571,0.159298342
2019-02-14,60.675999,61.354,60.200001,60.754002,26004000,3.754262788,0.76328987,0.09261986,0.868933801,0.038444333,0.151004112
2019-02-15,60.900002,61.599998,60.779999,61.576,19524500,6.808900524,1.342931937,0.083284031,0.877611257,0.039117801,0.132760079
2019-02-19,61.312,62.307999,61.094002,61.127998,20842000,11.78601997,1.841654779,0.078373752,0.887573466,0.034065621,0.147596576
2019-02-20,60.882,61.259998,59.799999,60.512001,35710500,4.176161262,0.942156004,0.074822086,0.899638037,0.025549518,0.152890535
2019-02-21,60.362,60.647999,58.099998,58.245998,44546000,5.973285841,0.919857524,0.093045414,0.868197685,0.03875512,0.185434728
2019-02-22,58.897999,59.299999,58.419998,58.942001,28703000,7.106408706,1.177750907,0.073478839,0.894288996,0.032226119,0.123720073
2019-02-25,59.582001,60.580002,59.400002,59.754002,33132500,16.33580981,1.762258544,0.068255572,0.871417533,0.060344725,0.038086181
2019-02-26,58.444,60.402,57.754002,59.571999,42912500,3.482109228,0.692090395,0.063606403,0.867904896,0.068480226,-0.009941337
2019-02-27,60.355999,63.259998,60.110001,62.948002,55919500,3.001628664,0.596091205,0.060239414,0.899534202,0.04023127,0.067708958
2019-03-11,56.703999,58.256001,56.099998,58.183998,36961500,11.60643821,1.121495327,0.055563863,0.917856698,0.026574247,0.0914027
2019-03-12,57.298,57.613998,56.212002,56.672001,37520500,37.46688742,36.04387417,0.080320364,0.883927152,0.035750828,0.121512334
2019-03-13,56.779999,58.397999,56.540001,57.792,34223500,17.59554731,3.907235622,0.087739332,0.881814471,0.030450835,0.168507792
2019-03-14,58.490002,59.077999,57.658001,57.992001,35517000,14.12481752,1.630656934,0.090392701,0.879581022,0.030029927,0.170035474
2019-03-15,56.702,56.743999,54.880001,55.085999,73927500,11.53027211,1.479931973,0.069311905,0.906797279,0.023895238,0.131706088
2019-03-18,55.200001,55.610001,53.459999,53.897999,51405000,8.158594492,1.050332384,0.086979107,0.881467236,0.031554606,0.171544919
2019-03-19,53.5,54.66,52.692001,53.493999,59003000,29.27556818,2.066287879,0.085813447,0.869733902,0.044446023,0.130157765
2019-03-20,53.938,54.993999,53.259998,54.720001,34541000,30.06273764,2.590304183,0.101436312,0.864190114,0.034367871,0.239370247
2019-03-21,54.52,55.290001,53.689999,54.804001,29735500,8.145877378,1.245243129,0.086571882,0.88188055,0.031553911,0.161343552
2019-03-22,54.515999,54.560001,52.799999,52.905998,43728000,5.960451977,0.936238902,0.098787732,0.870408394,0.030794189,0.206159403
2019-03-25,51.942001,52.636002,50.891998,52.084,51075000,8.55089192,1.084994753,0.073871983,0.892265477,0.033832109,0.125321826
2019-03-26,52.888,54.051998,52.886002,53.554001,36754500,12.21521522,1.469469469,0.080206206,0.890008008,0.029777778,0.142708809
2019-03-27,53.75,55.074001,53.636002,54.966,43896000,21.03177756,2.613704071,0.100669315,0.866182721,0.033128103,0.238974777
2019-03-28,55.431999,56.066002,55.02,55.723999,33870500,10.90756303,1.492647059,0.085432773,0.880462185,0.03409979,0.162023214
2019-03-29,55.740002,56.032001,54.900002,55.972,29956500,8.940464178,1.740665994,0.099058527,0.862852674,0.038084763,0.193728153
2019-04-08,55.537998,56.231998,54.088001,54.639999,52052000,21.35091083,3.815915628,0.072261745,0.887971237,0.039771812,0.115459444
2019-04-09,54.330002,55,53.922001,54.462002,29520000,9.362087327,1.211927583,0.077007455,0.888522897,0.034465389,0.135969542
2019-04-10,55.348,55.675999,54.577999,55.212002,35306500,27.18296893,2.376294591,0.090086306,0.87718527,0.032726122,0.184506329
2019-04-11,53.66,54.099998,53.119999,53.683998,49179500,3.477380952,0.761904762,0.080595238,0.883467857,0.035939286,0.136995595
2019-04-12,54.043999,54.389999,53.366001,53.540001,33730000,17.29767442,1.68744186,0.072174884,0.895515349,0.032311628,0.120168465
2019-04-15,53.726002,53.776001,51.726002,53.276001,50193000,7.57460733,1.006544503,0.082955497,0.887316754,0.029742147,0.155236518
2019-04-16,53.150002,55,52.944,54.672001,36364500,7.826199741,1.321660182,0.078118029,0.891570687,0.030317769,0.152097925
2019-04-17,54.950001,54.958,53.708,54.245998,25632500,6.240359897,0.976863753,0.083624679,0.884507712,0.031868895,0.175849229
2019-04-18,54.245998,54.967999,53.950001,54.652,29381500,9.697333333,1.182666667,0.074905333,0.885030667,0.040076,0.1249644
2019-04-22,53.799999,53.936001,52.495998,52.549999,60735500,9.170394036,1.550585729,0.073815229,0.886124068,0.04005804,0.106176731
2019-04-23,52.029999,53.119999,51.150002,52.779999,54719500,3.748821866,1.02403393,0.070502828,0.901871348,0.027630066,0.132493732
2019-04-24,52.77,53.063999,51.599998,51.731998,53637500,6.423076923,1.19176598,0.071170098,0.894424702,0.034398158,0.117295558
2019-04-25,51,51.799999,49.214001,49.526001,109247000,5.360115607,0.847398844,0.067642775,0.892095954,0.040260116,0.094421445
2019-04-26,49.299999,49.335999,46.226002,47.028,111803500,31.37737342,2.341772152,0.082631329,0.873598892,0.043780063,0.118504035
2019-04-29,47.172001,48.796001,46.433998,48.293999,83572500,5.731357553,1.499043977,0.078235182,0.890026769,0.031739962,0.14816348
2019-04-30,48.411999,48.841999,47.400002,47.737999,47323000,4.614830072,0.934088568,0.077757981,0.886609681,0.035630278,0.138144387
2019-05-01,47.77,48,46.299999,46.801998,53522000,13.97508591,1.956185567,0.094841924,0.867900344,0.037262887,0.192925687
2019-05-02,49.104,49.425999,47.543999,48.82,90796500,3.983037157,0.990306947,0.070443457,0.887068659,0.042490307,0.103284491
2019-05-03,48.771999,51.321999,48.698002,51.006001,118534000,10.14037855,1.921135647,0.073731861,0.891126183,0.035143533,0.129642823
2019-05-06,50.004002,51.669998,49.700001,51.068001,54169500,3.596018735,0.973067916,0.075887588,0.890175644,0.033937939,0.12725363
2019-05-07,51.360001,51.442001,49.02,49.411999,50657000,4.207777778,1.011111111,0.077273333,0.889228889,0.033492222,0.125546333
2019-05-08,49.388,50.119999,48.84,48.967999,30882000,15.02351624,2.348264278,0.074243001,0.895736842,0.030016797,0.152253191
2019-05-09,48.400002,48.736,47.388,48.396,33557000,12.03225806,1.129032258,0.078855914,0.888695699,0.032451613,0.143538065
2019-05-10,47.950001,48.397999,47.203999,47.903999,35041500,4.872093023,0.980232558,0.074647674,0.891726744,0.033631395,0.125312093
2019-05-13,46.402,46.493999,44.900002,45.402,54174000,7.764982374,1.343125734,0.084059929,0.87786369,0.038065805,0.159722209
2019-05-14,45.860001,46.900002,45.599998,46.462002,36262000,4.499356499,1.042471042,0.079830116,0.877872587,0.04229601,0.137441699
2019-05-15,45.863998,46.487999,45.049999,46.389999,36480000,4.667110519,0.86551265,0.070889481,0.898683089,0.030434088,0.136260719
2019-05-16,45.897999,46.200001,45.299999,45.666,37416500,3.454655381,0.721886336,0.072568319,0.88076058,0.046666264,0.08388295
2019-05-17,44.391998,44.448002,41.784,42.206001,88933500,4.712776177,0.737752161,0.067838617,0.882412104,0.04974928,0.071505187
2019-05-20,40.560001,41.200001,39.049999,41.071999,102631000,6.095092025,0.959100204,0.073778119,0.886304703,0.039921268,0.11683047
2019-05-21,39.551998,41.48,39.208,41.015999,90019500,4.590705987,0.91689008,0.073646113,0.885534406,0.040813226,0.104037534
2019-05-22,39.82,40.787998,38.355999,38.546001,93426000,5.977992958,1.315140845,0.077973592,0.877017606,0.045011444,0.117040229
2019-05-23,38.868,39.894001,37.243999,39.098,132735500,14.38152985,1.525186567,0.079848881,0.87463806,0.045508396,0.101921735
2019-05-24,39.966,39.995998,37.75,38.125999,70683000,5.048262548,0.78957529,0.085001931,0.87859556,0.036401544,0.149919884
2019-05-28,38.240002,39,37.57,37.740002,51564500,4.972314507,0.88482835,0.073653378,0.894716501,0.03162237,0.134392248
2019-05-29,37.419998,38.478001,37.007999,37.972,59843000,8.275084555,1.07102593,0.074720406,0.888916573,0.036358512,0.128576212
2019-05-30,37.75,38.452,37.403999,37.644001,39632500,6.665018541,0.971569839,0.072233622,0.885380717,0.042385661,0.096860569
2019-05-31,37.02,37.984001,36.82,37.032001,52033500,28.09480122,3.162079511,0.079884811,0.88553211,0.034586137,0.131541284
2019-06-24,44.647999,45.172001,44.203999,44.728001,28754000,5.03125,0.75,0.098296875,0.868921875,0.032796875,0.21485625
2019-06-25,44.877998,45.068001,43.897999,43.952,30910500,8.068027211,1.284353741,0.078057143,0.884711565,0.037223129,0.137062585
2019-06-26,44.062,45.445999,43.619999,43.854,42536000,6.424887892,1.08632287,0.080445067,0.884298206,0.035251121,0.151209753
2019-06-27,43.889999,44.580002,43.470001,44.568001,31698500,6.076487252,1.123229462,0.084672805,0.8826983,0.032633144,0.166214164
2019-06-28,44.198002,45.034,44.16,44.692001,34257000,7.700477327,1.727923628,0.108548926,0.85298568,0.038466587,0.214273389
2019-07-01,46.042,46.619999,45.256001,45.433998,41067000,13.31971831,2.588732394,0.082956338,0.880715493,0.036329577,0.135495775
2019-07-02,45.778,45.830002,44.444,44.91,46295000,15.08161157,1.865702479,0.078354339,0.884267562,0.037387397,0.120402066
2019-07-03,47.877998,48.313999,46.902,46.98,71005500,9.29324547,1.815485997,0.080630148,0.884046952,0.035317133,0.135495881
2019-07-05,46.914001,47.09,46.16,46.619999,35328500,7.885007278,1.483260553,0.082829694,0.880630277,0.036531295,0.140273217
2019-07-08,46.248001,46.450001,45.731998,46.068001,29402500,6.453505007,0.928469242,0.080869814,0.884925608,0.034204578,0.153505293
2019-07-09,45.793999,46.200001,45.456001,46.012001,30954000,11.44285714,1.951948052,0.079311688,0.886948052,0.033746753,0.14759974
2019-07-10,46.830002,47.787998,46.627998,47.784,45728500,17.43161634,2.940497336,0.093124334,0.879174956,0.027704263,0.202152309
2019-07-11,47.627998,48.299999,47.16,47.720001,37572000,6.650666667,1.145333333,0.094928,0.868616,0.036453333,0.188754
2019-07-12,47.950001,49.076,47.942001,49.015999,46002500,4.203757225,0.699421965,0.087057803,0.876024566,0.036913295,0.153268642
2019-07-15,49.599998,50.883999,48.972,50.700001,55000500,17.28290469,2.172465961,0.081476551,0.887593041,0.030939486,0.163770651
2019-07-16,49.860001,50.706001,49.585999,50.476002,40745000,11.05797101,1.457079153,0.069171683,0.900148272,0.030677815,0.12065942
2019-07-17,51.133999,51.661999,50.669998,50.972,48823500,7.630102041,1.193877551,0.073155612,0.887308673,0.039529337,0.11921875
2019-07-18,51.009998,51.150002,50.377998,50.708,23793000,8.664160401,1.29197995,0.072553885,0.886421053,0.04102005,0.105199875
2019-07-19,51.138,51.992001,50.924,51.636002,35242000,7.467783505,1.317010309,0.07921134,0.891532216,0.029255155,0.160710438
2019-07-22,51.75,52.43,50.838001,51.136002,34212000,7.138198758,1.102484472,0.072456522,0.883218944,0.044330745,0.111868168
2019-07-23,51.341999,52.096001,50.900002,52.034,25115500,7.287356322,1.264367816,0.071881226,0.896633461,0.03149553,0.138121073
2019-07-24,51.834,53.214001,51.632,52.976002,55364000,9.933333333,1.306451613,0.069624731,0.888592473,0.041782796,0.099887419
2019-07-25,46.700001,46.900002,45.110001,45.764,112091500,7.415922015,1.090982941,0.066083672,0.887199025,0.046731113,0.059321284
2019-07-26,45.383999,46.051998,44.450001,45.608002,50138500,5.717121588,0.897022333,0.08298263,0.881014888,0.035988834,0.141039702
2019-07-29,45.417999,47.188,45.206001,47.153999,46366500,7.386585366,1.214634146,0.074710976,0.897706098,0.027593902,0.149274634
2019-07-30,46.580002,48.672001,46.436001,48.452,40545000,7.292358804,1.180509413,0.076822813,0.893213732,0.029964563,0.141273533
2019-07-31,48.599998,49.335999,47.330002,48.321999,45891000,7.477922078,1.076623377,0.074237662,0.892705195,0.033054545,0.129911558
2019-08-01,48.529999,48.902,46.354,46.77,41297500,9.959478022,1.779532967,0.08187706,0.876110577,0.04203022,0.125445398
2019-08-02,46.27,47.254002,45.846001,46.868,30682500,10.17039474,1.693421053,0.077322368,0.879851316,0.042817105,0.119437303
2019-08-05,45.919998,46.273998,45.155998,45.664001,35141500,7.141955836,1.144321767,0.082594637,0.890315457,0.027100946,0.169032334
2019-08-06,46.375999,46.5,45.150002,46.150002,27821000,18.94264507,2.481781377,0.065922402,0.896773954,0.037306343,0.093172874
2019-08-07,45.299999,46.714001,45.16,46.683998,23882500,9.579728059,1.208899876,0.082693449,0.87816131,0.039137824,0.14106335
2019-08-08,46.889999,47.959999,46.529999,47.66,26371500,6.502677376,0.84939759,0.089036814,0.876437751,0.034521419,0.161008099
2019-08-09,47.209999,47.792,46.762001,47.001999,19491000,12.99146982,2.209973753,0.084511811,0.888318241,0.027158136,0.183803675
2019-08-12,46.598,47.153999,45.75,45.801998,23319500,6.751392758,1.068245125,0.078690111,0.885188719,0.036122563,0.14153078
2019-08-13,45.762001,47.200001,45.509998,47,24240500,8.218349929,1.260312945,0.08016074,0.886277383,0.033547653,0.158345377
2019-08-14,46.242001,46.299999,43.338001,43.924,47813000,6.943055556,1.020833333,0.076515278,0.893140278,0.030344444,0.153926458
2019-08-15,44.172001,44.312,42.310001,43.127998,40798000,8.381024096,1.088855422,0.071670934,0.899051205,0.029280873,0.149725527
2019-08-16,43.332001,44.448002,43.203999,43.987999,25492500,7.72406639,1.320885201,0.070517981,0.893691563,0.035786307,0.103869087
2019-08-19,44.841999,45.566002,44.34,45.366001,26548000,3.236037234,1.50731383,0.068023936,0.901490691,0.030479388,0.123935904
2019-08-20,45.523998,45.818001,44.908001,45.172001,20626000,6.425855513,1.050697085,0.068775032,0.898899873,0.032323194,0.11777294
2019-08-21,44.402,44.644001,43.52,44.166,38971500,3.585026738,0.655080214,0.060005882,0.898694118,0.0413,0.058835989
2019-08-22,44.560001,45.080002,43.644001,44.43,32795000,6.889317181,0.893171806,0.068142621,0.886795705,0.045063326,0.076674229
2019-08-23,43.993999,44.234001,42.200001,42.279999,42693000,6.402075227,1.172503243,0.068938392,0.888929313,0.042134241,0.082249676
2019-08-26,42.720001,43.004002,42.307999,43,25259500,5.975347661,1.005689001,0.074706068,0.884017067,0.041270544,0.087364539
2019-08-27,43.147999,43.759998,42.405998,42.816002,27081000,6.786733238,1.204707561,0.083806705,0.873087732,0.043087019,0.112507489
2019-08-28,42.737999,43.450001,42.462002,43.118,16127500,5.023943662,0.80915493,0.068301408,0.896670423,0.035021127,0.113659859
2019-08-29,43.799999,44.68,43.599998,44.341999,25897500,14.84667418,1.769447576,0.073189402,0.892322435,0.034499436,0.122952988
2019-08-30,45.830002,46.487999,44.841999,45.122002,46603000,11.34602273,1.892613636,0.084038636,0.889195455,0.026765909,0.170631477
2019-09-03,44.816002,45.790001,44.632,45.001999,26770500,8.985086993,1.332228666,0.079275062,0.884993372,0.035719138,0.132207042
2019-09-04,45.377998,45.692001,43.841999,44.136002,28805000,16.30741504,1.649330587,0.071401648,0.888256952,0.040341401,0.108614212
2019-09-05,44.5,45.959999,44.169998,45.916,36976500,6.905750799,1.120340788,0.07270181,0.879686901,0.047611289,0.083097178
2019-09-06,45.439999,45.928001,45.034,45.490002,20947000,10.96084337,1.551807229,0.074222892,0.888863253,0.036913855,0.119731024
2019-09-09,46,46.751999,45.846001,46.358002,24013500,8.813305468,1.598397771,0.068715778,0.89054441,0.040736677,0.091979519
2019-09-10,46.16,47.108002,45.787998,47.108002,24418500,7.604707511,1.496019384,0.080514711,0.881872966,0.03762063,0.13759017
2019-09-11,47.476002,49.633999,47.200001,49.419998,50214000,7.792759051,1.119434041,0.077463587,0.895147732,0.027389929,0.146697212
2019-09-12,49.540001,50.700001,48.880001,49.174,42906000,9.195385725,1.401586157,0.067496035,0.896394737,0.036109229,0.097118962
2019-09-13,49.391998,49.689999,48.973999,49.040001,26565500,8.041185527,1.188221709,0.08004465,0.891552348,0.028398383,0.166890608
2019-09-16,49.200001,49.486,48.234001,48.562,23640500,8.499530516,1.462441315,0.08545493,0.886269014,0.028274648,0.190411596
2019-09-17,48.493999,49.119999,48.074001,48.958,19327000,13.14067278,1.679772827,0.081571429,0.88568021,0.03274443,0.153348624
2019-09-18,49,49.633999,48.473999,48.698002,20851000,9.993473193,1.455477855,0.077114685,0.89265035,0.030232168,0.139650536
2019-09-19,49.200001,49.588001,48.967999,49.32,23979000,7.981146305,1.046003017,0.084843891,0.878783937,0.036371041,0.144017157
2019-09-20,49.298,49.389999,47.632,48.124001,31765000,26.10075455,2.523302264,0.089129161,0.87540213,0.035455393,0.147455126
2019-09-23,48,49.035999,47.844002,48.245998,21701000,7.71715755,1.147265077,0.080298738,0.892483871,0.027213184,0.16294993
2019-09-24,48.304001,48.397999,44.521999,44.641998,64457500,6.013187813,0.837653479,0.069278308,0.898978172,0.031739427,0.121418281
2019-09-25,44.911999,45.796001,43.672001,45.740002,47135500,6.381086142,1.026685393,0.07184176,0.890618914,0.037537921,0.099498642
2019-09-26,46.132,48.661999,45.48,48.512001,59422500,7.220915033,1.050980392,0.085659477,0.876151307,0.038190196,0.164847745
2019-09-27,48.439999,49.742001,47.745998,48.425999,55582000,13.17301038,1.551038062,0.085160035,0.881530277,0.033309689,0.160918253
2019-09-30,48.599998,48.796001,47.222,48.174,29399000,11.09935205,1.664146868,0.084266739,0.87912851,0.036590713,0.148745572
2019-10-01,48.299999,49.189999,47.826,48.938,30813000,7.381606765,1.088794926,0.082929175,0.887541226,0.029529598,0.167857822
2019-10-02,48.658001,48.93,47.886002,48.625999,28157000,8.580582524,1.351456311,0.083050485,0.888590291,0.028360194,0.168040777
2019-10-03,46.372002,46.896,44.855999,46.605999,75422500,6.072580645,1.068996416,0.081638889,0.883049283,0.035308244,0.136673029
2019-10-04,46.321999,46.956001,45.613998,46.285999,39975000,9.629370629,1.39044289,0.084434732,0.876926573,0.038641026,0.14223683
2019-10-07,45.959999,47.712002,45.709999,47.543999,40321000,18.96117647,3.643529412,0.077043529,0.890229412,0.032732941,0.128223765
2019-10-08,47.174,48.787998,46.900002,48.009998,43391000,7.724444444,1.244444444,0.083223333,0.880062222,0.036711111,0.148800222
2019-10-09,48.264,49.459999,48.130001,48.905998,34472000,8.985748219,1.507125891,0.086024941,0.877331354,0.036647268,0.150526485
2019-10-10,49.056,49.855999,48.316002,48.948002,31416500,4.870740306,0.776733255,0.086128085,0.874940071,0.038934195,0.141506698
2019-10-11,49.43,50.216,49.362,49.577999,42377000,10.30515192,1.211360634,0.084813738,0.882352708,0.032830911,0.166344782
2019-10-14,49.580002,51.709999,49.425999,51.391998,51025000,4.525035765,0.801144492,0.081539342,0.887658083,0.030801144,0.154989986
2019-10-15,51.540001,52,50.824001,51.577999,32164000,8.095541401,1.475159236,0.077608917,0.885921019,0.036480255,0.135104586
2019-10-16,51.478001,52.419998,51.383999,51.950001,33420500,5.116778523,0.769127517,0.079114094,0.885944966,0.034944966,0.139795168
2019-10-17,52.5,52.956001,52.034,52.394001,23846500,10.92497069,1.536928488,0.079529894,0.889875733,0.030599062,0.153252286
2019-10-18,52.139999,52.560001,51.02,51.389999,28749000,8.688732394,1.336619718,0.080657746,0.892070423,0.02726338,0.170761127
2019-10-21,51.666,51.900002,50.035999,50.700001,25101500,9.385057471,1.61637931,0.077688218,0.892405172,0.029892241,0.147860489
2019-10-22,50.863998,51.666,50.169998,51.116001,23004000,7.320058997,1.261061947,0.07659882,0.894234513,0.029176991,0.144734071
2019-10-23,50.900002,51.228001,50.27,50.936001,26305500,8.168557536,1.124797407,0.092876013,0.866001621,0.041126418,0.149068476
2019-10-24,59.674,60.986,57.84,59.936001,148604500,7.548488665,1.182619647,0.091928212,0.868899874,0.039169395,0.151739295
2019-10-25,59.543999,66,59.222,65.625999,150030500,6.482919255,1.042701863,0.078852484,0.887460404,0.033687888,0.12989441
2019-10-28,65.508003,68.167999,64.519997,65.542,94351500,6.838777661,1.065331928,0.073675448,0.894977871,0.031345627,0.133842466
2019-10-29,63.998001,64.860001,62.950001,63.243999,63421500,8.685823755,1.41890166,0.07145083,0.900181354,0.028376756,0.148277139
2019-10-30,62.599998,63.757999,61.993999,63.001999,48209000,6.964396285,1.153250774,0.081924149,0.883566563,0.034501548,0.169371981
2019-10-31,62.619999,63.799999,62.599998,62.984001,25335000,16,2.128249567,0.086065858,0.878941075,0.035006932,0.165208319
2019-11-01,63.264,63.296001,61.959999,62.661999,31919500,13.13607595,2.082278481,0.088924051,0.874248418,0.036830696,0.171632595
2019-11-04,62.959999,64.388,61.852001,63.493999,43935000,21.28237129,2.20124805,0.077566303,0.886110764,0.036318253,0.133892044
2019-11-05,63.924,64.702003,63.223999,63.444,34717000,11.24623116,1.701842546,0.078792295,0.885341709,0.035862647,0.136829146
2019-11-06,63.599998,65.344002,62.900002,65.316002,39704500,9.145604396,1.64010989,0.075449176,0.894056319,0.030502747,0.138798626
2019-11-07,65.828003,68.300003,65.603996,67.108002,72336500,10.77624309,1.825966851,0.073096685,0.898444751,0.028461326,0.139080663
2019-11-08,66.900002,67.491997,66.5,67.428001,30346000,9.972299169,1.552631579,0.081789474,0.893295014,0.024916898,0.176314266
2019-11-11,68.790001,69.837997,68.400002,69.017998,49933500,7.137096774,1.137096774,0.078885484,0.890006452,0.031106452,0.14986129
2019-11-12,69.379997,70.073997,68.807999,69.986,36797000,12.59452524,2.144568007,0.072437126,0.890302823,0.037255774,0.09668982
2019-11-13,71,71.265999,69.036003,69.222,42100500,16.15896159,2.825746799,0.046302276,0.901926387,0.051768492,-0.036280299
2019-11-14,69.222,70.767998,68.582001,69.870003,32324500,9.806451613,1.669354839,0.067833578,0.888074047,0.044093109,0.046149413
2019-11-15,70.127998,70.559998,69.671997,70.433998,24045000,9.978723404,1.892553191,0.073523404,0.884907447,0.041562766,0.098514894
2019-11-18,70.584,70.629997,69.220001,69.998001,22002000,7.495307612,1.348279458,0.077812304,0.881,0.041184567,0.119566632
2019-11-19,70.349998,71.998001,69.559998,71.903999,38624000,12.78233831,3.069651741,0.082534826,0.883008706,0.034471393,0.154841045
2019-11-20,72,72.239998,69.914001,70.444,33625500,8.198453608,1.546391753,0.073286082,0.892081186,0.034619845,0.11170116
2019-11-21,70.902,72.167999,70.800003,70.966003,30550000,9.325195313,1.215820313,0.080033203,0.889672852,0.030292969,0.155330664
2019-11-22,68.031998,68.199997,66,66.608002,84353000,15.89296035,2.717951682,0.079374754,0.878310831,0.042317073,0.107082511
2019-11-25,68.863998,68.914001,66.891998,67.267998,61697500,29.01247772,3.893939394,0.080932709,0.883008021,0.036053476,0.132806462
2019-11-26,67.054001,67.099998,65.419998,65.783997,39737000,8.912653975,1.488241881,0.085351624,0.876223404,0.038421053,0.140531187
2019-11-27,66.223999,66.786003,65.713997,66.258003,27778000,8.635198921,1.285906945,0.089234659,0.873675657,0.037091032,0.165102023
2019-11-29,66.222,66.251999,65.5,65.987999,12328000,7.910552764,1.388944724,0.08540402,0.882561809,0.032031156,0.160683317
2019-12-02,65.879997,67.276001,65.737999,66.973999,30372500,7.6484375,1.176339286,0.079679688,0.886342634,0.033977679,0.138192187
2019-12-03,66.524002,67.582001,66.438004,67.239998,32868500,9.115296804,1.779680365,0.080718037,0.890094749,0.029188356,0.15310879
2019-12-04,67.550003,67.571999,66.57,66.606003,27665000,11.41776711,1.919567827,0.078841537,0.887809124,0.033342137,0.138555102
2019-12-05,66.566002,66.884003,65.449997,66.073997,18623000,7.315989848,1.242385787,0.083638325,0.876352792,0.040008883,0.137749365
2019-12-06,67,67.772003,66.954002,67.178001,38062000,8.590419162,1.641916168,0.08708503,0.878471856,0.034443114,0.164274731
2019-12-09,67.318001,68.889999,67.015999,67.905998,45115500,10.80116279,1.820930233,0.074953488,0.893255814,0.031784884,0.133367326
2019-12-10,67.991997,70.146004,67.862,69.767998,44141500,12.85530922,1.695449242,0.073135356,0.892582264,0.034277713,0.12592217
2019-12-11,70.375999,71.438004,70.218002,70.540001,34489000,63.30434783,9.297658863,0.087405797,0.882319955,0.030274247,0.17357592
2019-12-12,70.984001,72.547997,70.646004,71.935997,38819500,11.89915966,1.657863145,0.084781513,0.876447779,0.038779112,0.145997479
2019-12-13,72.209999,73.042,70.928001,71.678001,32854500,10.40221914,1.86407767,0.078023578,0.890821082,0.031162275,0.150791956
2019-12-16,72.510002,76.722,72.5,76.300003,90871000,10.45210728,1.980842912,0.079510856,0.885180077,0.035305236,0.152247637
2019-12-17,75.797997,77.099998,75.18,75.797997,42484000,6.171182266,1.21182266,0.06764532,0.898114532,0.034246305,0.096355665
2019-12-18,76.125999,79.043999,76.115997,78.629997,70605000,8.66552901,1.431171786,0.077379977,0.88180091,0.040824801,0.122487031
2019-12-19,79.463997,81.370003,79.300003,80.807999,90535500,9.455231931,1.988133765,0.08478425,0.88494822,0.030285868,0.172085976
2019-12-20,82.057999,82.599998,80.038002,81.117996,73763500,13.90251256,2.207035176,0.083964824,0.881634171,0.034409045,0.151707035
2019-12-23,82.356003,84.402,82,83.844002,66598000,8.588011418,1.457659372,0.100984776,0.867727878,0.031287345,0.182545956
2019-12-24,83.671997,85.094002,82.538002,85.050003,40273500,13.33656958,1.609492988,0.109370011,0.863222222,0.027408846,0.228707767
2019-12-26,85.582001,86.695999,85.269997,86.188004,53169500,11.44213264,1.686605982,0.08716645,0.884218466,0.028609883,0.186837711
2019-12-27,87,87.061996,85.222,86.075996,49728500,9.540339703,1.647558386,0.078877919,0.893117834,0.028008493,0.164350318
2019-12-30,85.758003,85.800003,81.851997,82.940002,62932000,14.93202884,2.451081359,0.075568486,0.888380021,0.036055613,0.115169722
2019-12-31,81,84.258003,80.416,83.666,51428500,11.3500612,1.443084455,0.095960832,0.872009792,0.032029376,0.214133293
2020-01-02,84.900002,86.139999,84.342003,86.052002,47660500,9.637762238,1.682517483,0.083779021,0.878454545,0.037766434,0.151088252
2020-01-03,88.099998,90.800003,87.384003,88.601997,88892500,13.13176895,2.44133574,0.070380866,0.887059567,0.042563177,0.092872563
2020-01-06,88.094002,90.311996,88,90.307999,50665000,10.1147929,1.778698225,0.072269822,0.893059172,0.034655621,0.110862604
2020-01-07,92.279999,94.325996,90.671997,93.811996,89410500,12.32657495,2.208544533,0.077136133,0.894531499,0.028331644,0.142782766
2020-01-08,94.739998,99.697998,93.646004,98.428001,155721500,9.884046693,1.860700389,0.08074786,0.887242023,0.032012451,0.149108171
2020-01-09,99.419998,99.760002,94.573997,96.267998,142202000,8.424934153,1.819139596,0.075407375,0.88848727,0.036109745,0.116806848
2020-01-10,96.358002,96.987999,94.739998,95.629997,64797500,8.289170507,1.694700461,0.077115207,0.888542627,0.034343318,0.149933641
2020-01-13,98.699997,105.125999,98.400002,104.972,132588000,5.628738147,1.238512035,0.080789205,0.883374179,0.035835157,0.146519475
2020-01-14,108.851997,109.482002,104.980003,107.584,144981000,5.678077203,1.308084487,0.072857975,0.892788055,0.034355426,0.115054261
2020-01-15,105.952003,107.568001,103.358002,103.699997,86844000,7.973977695,1.221189591,0.070689591,0.890531599,0.038789033,0.099063011
2020-01-16,98.75,102.891998,98.433998,102.697998,108683500,10.88742304,2.506596306,0.071165347,0.88596482,0.042869833,0.087952067
2020-01-17,101.522003,103.134003,100.632004,102.099998,68145500,6.89488117,1.154478976,0.065982633,0.891365631,0.042646252,0.065376508
2020-01-21,106.050003,109.716003,105.681999,109.440002,89017500,7.911045943,1.430107527,0.069481916,0.886494624,0.044030303,0.091335582
2020-01-22,114.377998,118.900002,111.82,113.912003,156845000,8.464400257,1.765234124,0.080499679,0.885600385,0.033901219,0.132826363
2020-01-23,112.849998,116.400002,111.120003,114.440002,98255000,8.586675731,1.535010197,0.071806254,0.892161795,0.036027872,0.10363569
2020-01-24,114.125999,114.772003,110.851997,112.963997,71768000,9.075949367,1.37522604,0.070255877,0.889853526,0.039887884,0.096839693
2020-01-27,108.398003,112.888,107.856003,111.603996,68040500,7.4,1.462365591,0.069669892,0.892712903,0.037621505,0.095963656
2020-01-28,113.697998,115.362,111.615997,113.379997,58942500,16.7874097,2.750257998,0.078459236,0.888633643,0.032917441,0.14196677
2020-01-29,115.138,117.959999,113.486,116.197998,89007500,9.92669805,1.62138534,0.081103564,0.885260256,0.03362542,0.144312105
2020-01-30,126.484001,130.175995,123.599998,128.162003,145028500,9.246264527,1.495849474,0.079698949,0.885487548,0.034810183,0.137040011
2020-01-31,128,130.600006,126.503998,130.113998,78596500,8.379310345,1.913372582,0.08035492,0.886211102,0.033433978,0.152805551
2020-02-03,134.738007,157.227997,134.703995,156,236167500,7.015513126,1.133651551,0.079445704,0.879093079,0.041458234,0.122668914
2020-02-04,176.591995,193.798004,166.776001,177.412003,304694000,4.938568714,0.996833439,0.073805256,0.885617796,0.040576314,0.105172166
2020-02-05,164.651993,169.195999,140.822006,146.940002,242119000,5.652903226,1.096774194,0.074643871,0.884726452,0.040635269,0.109548516
2020-02-06,139.983994,159.166,137.399994,149.792007,199404000,3.776492537,0.796641791,0.062034328,0.91400709,0.023959701,0.085040896
2020-02-07,146.110001,153.949997,146,149.613998,85317500,7.825339367,1.333031674,0.082308597,0.884848869,0.032845249,0.157711131
2020-02-10,160,163.998001,150.479996,154.255997,123446000,6.742259414,1.360669456,0.077594979,0.884140586,0.038262762,0.122899916
2020-02-11,153.757996,156.701996,151.600006,154.876007,58487500,9.862281603,1.811921891,0.074562179,0.891394656,0.034034943,0.131975026
2020-02-12,155.574005,157.949997,152.673996,153.457993,60112500,11.34022556,1.663533835,0.082136278,0.87781297,0.040049812,0.135461278
2020-02-13,148.367996,163.600006,147,160.800003,131446500,10.91685226,1.648849295,0.068066815,0.898700074,0.033236823,0.109952561
2020-02-14,157.444,162.593994,157.100006,160.005997,78468500,11.20883534,2.339759036,0.078536546,0.88475743,0.036711647,0.12354747
2020-02-18,168.320007,172,166.472,171.679993,81908500,9.002419843,1.659407139,0.054918935,0.893019359,0.052055051,-0.005219056
2020-02-19,184.699997,188.955994,180.203995,183.483994,127115000,13.053125,2.57625,0.06791,0.88614625,0.045941875,0.0507345
2020-02-20,182.389999,182.399994,171.988007,179.882004,88174500,9.690205011,1.919514047,0.06109795,0.898159453,0.040735763,0.054614199
2020-02-21,181.395996,182.612,176.089996,180.199997,71574000,8.165644172,1.760736196,0.063759509,0.884895092,0.051342945,0.024949387
2020-02-24,167.800003,172.699997,164.440002,166.757996,75961000,7.520661157,1.144628099,0.061922521,0.894285124,0.043789256,0.06824907
2020-02-25,169.800003,171.320007,157.399994,159.981995,86452500,8.294755877,1.494575045,0.073877939,0.879541591,0.046585895,0.087273779
2020-02-26,156.5,162.662003,155.222,155.759995,70427500,7.504459861,1.438057483,0.069116947,0.867957384,0.062923687,0.030208622
2020-02-27,146,147.953995,133.800003,135.800003,121386000,8.151912568,1.207650273,0.07859235,0.882312568,0.039097268,0.121785027
2020-02-28,125.940002,138.104004,122.304001,133.598007,122821000,6.772567409,1.445486518,0.083638921,0.880539273,0.035820633,0.132467995
2020-03-02,142.251999,148.738007,137.334,148.723999,100975000,7.1774942,1.316705336,0.07187703,0.894991879,0.03312065,0.113193619
2020-03-03,161,161.395996,143.222,149.102005,128920000,6.366336634,1.158415842,0.073178218,0.892708471,0.03409901,0.136434543
2020-03-04,152.792007,153.304001,144.945999,149.899994,75245000,6.46277205,0.991981672,0.078592211,0.894160367,0.027235968,0.161953952
2020-03-05,144.753998,149.149994,143.613998,144.908005,54263500,6.509635974,1.087794433,0.08456531,0.883849036,0.031592077,0.180449679
2020-03-06,138,141.399994,136.854004,140.695999,63314500,10.56658879,1.547897196,0.081650701,0.882977804,0.035365654,0.148428271
2020-03-09,121.078003,132.600006,121,121.599998,85368500,8.674593242,1.180225282,0.078578223,0.880359199,0.041051314,0.113645181
2020-03-10,131.886002,133.600006,121.599998,129.065994,77972000,17.76487805,2.051707317,0.077236098,0.893093659,0.029666341,0.133415122
2020-03-11,128.039993,130.716003,122.599998,126.846001,66612500,7.128614158,1.036889332,0.072211366,0.899314058,0.028478564,0.136911466
2020-03-12,116.178001,118.900002,109.25,112.110001,94545500,7.668742217,1.216687422,0.066666252,0.904582814,0.028753425,0.111132005
2020-03-13,119,121.514,100.400002,109.323997,113201500,6.250755287,0.966767372,0.072267372,0.893691843,0.034045317,0.121767976
2020-03-16,93.900002,98.973999,88.433998,89.014,102447500,6.211508554,1.00311042,0.07851633,0.884906687,0.036573872,0.116130327
2020-03-17,88.001999,94.370003,79.199997,86.040001,119973000,7.963430013,1.279949559,0.075123581,0.889886507,0.034991173,0.123867213
2020-03-18,77.800003,80.972,70.101997,72.244003,118931000,12.69334975,1.697044335,0.068530788,0.889869458,0.041609606,0.079026724
2020-03-19,74.940002,90.400002,71.692001,85.528,150977500,9.200945626,1.369976359,0.070410165,0.887540189,0.042049645,0.079556974
2020-03-20,87.639999,95.400002,85.157997,85.505997,141427500,12.93315508,2.002673797,0.070303476,0.893541444,0.036169786,0.102180882
2020-03-23,86.720001,88.400002,82.099998,86.858002,82272500,7.365105008,1.260096931,0.080074313,0.886846527,0.033098546,0.1271958
2020-03-24,95.459999,102.737999,94.800003,101,114476000,7.433238636,1.15625,0.082545455,0.884617898,0.032850852,0.159168324
2020-03-25,109.050003,111.400002,102.222,107.849998,106113500,7.438596491,1.285486443,0.083408293,0.889510367,0.027079745,0.167202233
2020-03-26,109.477997,112,102.449997,105.632004,86903500,10.30387597,1.500775194,0.073694574,0.889550388,0.036751938,0.119716434
2020-03-27,101,105.160004,98.806,102.872002,71887000,5.932935917,0.901639344,0.080605067,0.881564829,0.037830104,0.133134873
2020-03-30,102.052002,103.330002,98.246002,100.426003,59990500,22.07400722,3.564981949,0.073851986,0.890032491,0.036106498,0.125987365
2020-03-31,100.25,108.592003,99.400002,104.800003,88857500,10.14641745,2.65576324,0.073781931,0.895510903,0.030716511,0.133007321
2020-04-01,100.800003,102.790001,95.019997,96.311996,66766000,6.988929889,0.986469865,0.089510455,0.879832718,0.030655597,0.173789053
2020-04-02,96.206001,98.851997,89.279999,90.893997,99292000,13.3968254,2.654195011,0.090548753,0.874014739,0.035430839,0.157798299
2020-04-03,101.900002,103.098,93.678001,96.001999,22562100,5.292464879,0.942528736,0.071922095,0.893989783,0.034086845,0.118213538
2020-04-06,102.239998,104.199997,99.592003,103.248001,14901800,5.493799324,1.133032694,0.083399098,0.891236753,0.025369786,0.155985908
2020-04-07,109,113,106.468002,109.089996,17919800,5.336551724,0.935172414,0.071684138,0.899856552,0.028474483,0.135418483
2020-04-08,110.839996,111.442001,106.666,109.767998,12656000,5.26450116,1.1612529,0.073099768,0.883452436,0.043451276,0.099411949
2020-04-09,112.417999,115.036003,111.421997,114.599998,13650000,15.49145299,2.307692308,0.07961396,0.887491453,0.032896011,0.134737179
2020-04-13,118.031998,130.399994,116.106003,130.190002,22475400,5.413907285,0.937086093,0.077769868,0.894476821,0.02775,0.138928146
2020-04-14,139.794006,148.376007,138.485992,141.977997,30576500,5.914552737,1.137516689,0.076862483,0.894339119,0.028803738,0.156153538
2020-04-15,148.399994,150.626007,142,145.966003,23577000,6.68258427,1.342696629,0.077220506,0.89277809,0.030004213,0.146932584
2020-04-16,143.388,151.889999,141.343994,149.042007,20657900,6.303571429,1.105769231,0.07518544,0.889446429,0.035365385,0.142452747
2020-04-17,154.455994,154.990005,149.531998,150.778,13128200,10.23982558,1.386627907,0.082994186,0.885918605,0.031084302,0.166749273
2020-04-20,146.539993,153.113998,142.442001,149.272003,14746600,16.95626822,1.486880466,0.086892128,0.88278863,0.0303207,0.17479898
2020-04-21,146.024002,150.666,134.757996,137.343994,20209100,6.482219061,1.018492176,0.07914367,0.895187767,0.025674253,0.173829445
2020-04-22,140.796005,146.800003,137.742004,146.421997,14224800,7.107644306,1.226209048,0.077658346,0.893408736,0.028923557,0.155836193
2020-04-23,145.520004,146.800003,140.626007,141.126007,13236700,17.55232558,3.216569767,0.082795058,0.889662791,0.027542151,0.178822529
2020-04-24,142.162003,146.145996,139.636002,145.029999,13237600,8.877291961,1.794076164,0.093425952,0.878280677,0.028294781,0.192949365
2020-04-27,147.522003,159.897995,147,159.75,20681400,8.332889481,1.414114514,0.068509987,0.900198402,0.031296937,0.125012117
2020-04-28,159.128006,161,151.337997,153.824005,15222000,5.477419355,0.96516129,0.064787097,0.901976774,0.033232258,0.10113329
2020-04-29,158.033997,160.639999,156.632004,160.102005,16216000,17.41353383,1.689223058,0.081101921,0.879714286,0.039177945,0.138660735
2020-04-30,171.037994,173.964005,152.699997,156.376007,28471900,6.145085803,1.018720749,0.071825273,0.873891576,0.054289392,0.047648596
2020-05-01,151,154.554001,136.608002,140.264008,32531800,5.48874011,0.91965916,0.075578819,0.871864273,0.052548996,0.073047778
2020-05-04,140.199997,152.399994,139.600006,152.238007,19237100,6.228901734,1.132947977,0.071615029,0.900695954,0.027684393,0.136538497
2020-05-05,157.957993,159.783997,152.436005,153.641998,16991700,4.608360836,0.821782178,0.077105611,0.892348735,0.030551155,0.153477448
2020-05-06,155.300003,157.960007,152.222,156.516006,11123200,5.016375546,0.883187773,0.0744869,0.89678821,0.028715066,0.157467467
2020-05-07,155.442001,159.279999,154.470001,156.007996,11527700,8.535315985,1.550185874,0.07069145,0.893934325,0.035369269,0.134879306
2020-05-08,158.753998,164.800003,157.401993,163.884003,16130100,6.98245614,1.382205514,0.07156015,0.898522556,0.029918546,0.141215414
2020-05-11,158.102005,164.800003,157,162.257996,16519600,6.222095672,1.041571754,0.075149203,0.871863895,0.052981777,0.063035991
2020-05-12,165.399994,168.658005,161.600006,161.882004,15906900,4.731434385,0.817904374,0.066329095,0.884893184,0.048779247,0.043137691
2020-05-13,164.166,165.199997,152.660004,158.192001,19065500,8.288006757,1.414695946,0.075916385,0.877711149,0.046369932,0.096344595
2020-05-14,156,160.671997,152.800003,160.666,13682200,6.410480349,1.246724891,0.072536026,0.890459607,0.036996725,0.115183734
2020-05-15,158.070007,161.009995,157.309998,159.834,10518400,7.437915743,1.429046563,0.071981153,0.896339246,0.031682927,0.133603769
2020-05-18,165.556,166.944,160.776001,162.725998,11698100,12.25031447,1.844025157,0.065913208,0.902485535,0.0316,0.111251572
2020-05-19,163.033997,164.414001,161.216003,161.602005,9636500,5.984068627,0.99754902,0.071303922,0.899366422,0.029322304,0.147710172
2020-05-20,164.100006,165.199997,162.360001,163.112,7309300,10.75131579,1.736842105,0.079719737,0.886369737,0.033917105,0.140580395
2020-05-21,163.199997,166.5,159.199997,165.520004,12254600,6.518181818,1.125757576,0.081666667,0.8861,0.032227273,0.160610455
2020-05-22,164.434006,166.356003,162.399994,163.376007,9987500,9.91994382,1.751404494,0.068578652,0.897889045,0.033535112,0.114449157
2020-05-26,166.899994,166.919998,163.141998,163.774002,8089700,7.895189003,1.414089347,0.071243986,0.897250859,0.031501718,0.129142784
2020-05-27,164.171997,165.542007,157,164.046005,11549500,5.229058562,0.845811712,0.079213491,0.890568569,0.030213491,0.144494144
2020-05-28,162.701996,164.949997,160.337997,161.162003,7255600,10.7542044,1.675291074,0.073562743,0.893012937,0.033450194,0.126284476
2020-05-29,161.75,167,160.841995,167,11812500,5.524940618,1.048693587,0.070372922,0.899168646,0.030456057,0.131187411
2020-06-08,183.800003,190,181.832001,189.983994,14174700,10.1278626,1.795801527,0.076425573,0.897927481,0.025639313,0.155078626
2020-06-09,188.001999,190.888,184.785995,188.134003,11388200,7.130010834,1.754062839,0.067336945,0.90520585,0.027463705,0.13998169
2020-06-10,198.376007,205.496002,196.5,205.009995,18563400,7.577047066,1.528046422,0.083027724,0.890549323,0.026426177,0.165146357
2020-06-11,198.039993,203.792007,194.399994,194.567993,15916500,6.892827004,1.584810127,0.080644726,0.891061603,0.028301266,0.159632068
2020-06-12,196,197.595993,182.520004,187.056,16730200,6.946368715,2.140782123,0.064253631,0.907604469,0.028145251,0.115013966
2020-06-15,183.557999,199.768005,181.699997,198.179993,15697200,8.311656442,1.463803681,0.075570552,0.898796319,0.025628221,0.145677669
2020-06-16,202.369995,202.576004,192.477997,196.425995,14051100,6.845111326,1.064859632,0.071194579,0.898761859,0.030033882,0.135504259
2020-06-17,197.542007,201,196.514008,198.358002,9869400,4.114035088,1.088815789,0.075348684,0.894382675,0.030253289,0.158864803
2020-06-18,200.600006,203.839996,198.893997,200.792007,9751900,6.67961165,1.334951456,0.075700243,0.899065534,0.02523665,0.161682767
2020-06-19,202.556,203.194,198.268005,200.179993,8679700,8.184478372,1.409669211,0.075694656,0.897860051,0.026459288,0.164152163
2020-06-22,199.990005,201.776001,198.003998,198.863998,6362400,4.814479638,0.929864253,0.075162896,0.89420362,0.030632353,0.136573869
2020-06-23,199.776001,202.399994,198.802002,200.356003,6365300,25.58519389,4.821386604,0.073907168,0.894098707,0.031984724,0.126095535
2020-06-24,198.822006,200.175995,190.628006,192.169998,10959600,5.458033573,0.851318945,0.072189448,0.886854916,0.040964029,0.096978657
2020-06-25,190.854004,197.195999,187.429993,197.195999,9254500,23.73311185,2.481727575,0.072493909,0.887451827,0.040059801,0.095001883
2020-06-26,198.955994,199,190.973999,191.947998,8854900,6.493413174,1.138922156,0.072335329,0.891300599,0.036354491,0.120173653
2020-06-29,193.802002,202,189.703995,201.869995,9026400,7.950110865,1.264966741,0.080165188,0.892549889,0.027283814,0.161861863
2020-06-30,201.300003,217.537994,200.746002,215.962006,16918500,33.30974359,2.673846154,0.079645128,0.889259487,0.031095385,0.152886051
2020-07-01,216.600006,227.065994,216.100006,223.925995,13326900,6.418803419,1.147271532,0.093067061,0.877026298,0.029903353,0.19015687
2020-07-02,244.296005,245.600006,237.119995,241.731995,17250100,6.857069672,1.040471311,0.095355533,0.874007684,0.030635758,0.17825082
2020-07-06,255.337997,275.558014,253.207993,274.31601,20569900,6.783473604,0.966335119,0.090776588,0.872879878,0.036342005,0.165261285
2020-07-07,281.002014,285.899994,267.34201,277.971985,21489700,9.403892944,1.214922952,0.081953771,0.888071371,0.02997648,0.161128467
2020-07-08,281,283.451996,262.268005,273.175995,16311300,10.51910531,1.203168686,0.077945014,0.889013979,0.03304753,0.139299254
2020-07-09,279.39801,281.712006,270.256012,278.855988,11717600,4.742461288,0.990220049,0.066616952,0.903775876,0.029603912,0.12514075
2020-07-10,279.200012,309.783997,275.201996,308.929993,23337600,9.085790885,1.764075067,0.081380697,0.888058981,0.030565684,0.160211743
2020-07-13,331.799988,358.997986,294.221985,299.411987,38985400,6.62675715,1.311682016,0.072301987,0.892006302,0.035694619,0.11838919
2020-07-14,311.200012,318,286.200012,303.359985,23418100,2.520361991,0.514792899,0.089969022,0.883625479,0.026405848,0.228603585
2020-07-15,308.600006,310,291.399994,309.201996,16367800,6.55749354,0.981912145,0.084162145,0.878020026,0.037827519,0.140439083
2020-07-16,295.432007,306.34201,293.200012,300.127991,14300800,5.947700631,1.082957619,0.076000902,0.889791704,0.034212804,0.128745086
2020-07-17,302.690002,307.502014,298,300.167999,9330000,8.848452508,1.112059765,0.079743863,0.891147279,0.029110993,0.146072572
2020-07-20,303.802002,330,297.600006,328.600006,17121400,5.205029014,1.082205029,0.071860735,0.894341393,0.033786267,0.124159671
2020-07-21,327.985992,335,311.600006,313.671997,16157300,5.86536676,1.0909935,0.072392758,0.899370474,0.028233983,0.144258682
2020-07-22,319.799988,325.283997,312.399994,318.466003,14161100,5.435935199,0.974963181,0.08633137,0.884987727,0.028672067,0.165815611
2020-07-23,335.790009,337.799988,296.153992,302.614014,24328500,4.490900607,0.817545497,0.086587494,0.880466169,0.032951937,0.161409333
2020-07-24,283.201996,293,273.308014,283.399994,19396600,5.709090909,0.965734266,0.085167133,0.880253147,0.034576224,0.153511189
2020-07-27,287,309.588013,282.600006,307.920013,15988400,5.602131439,1.165186501,0.083340142,0.884452931,0.032207815,0.153688366
2020-07-28,300.799988,312.940002,294.884003,295.298004,79043500,8.155656109,1.299547511,0.077918552,0.890868778,0.031209955,0.141867692
2020-07-29,300.200012,306.962006,297.399994,299.821991,47134500,4.769749518,0.762042389,0.069589595,0.903689788,0.026714836,0.136735645
2020-07-30,297.600006,302.64801,294.200012,297.497986,38105000,4.269187987,0.836484983,0.084367075,0.887510567,0.028111235,0.178972859
2020-07-31,303,303.410004,284.196014,286.152008,61235000,7.107674685,1.021764032,0.07479496,0.90017984,0.0250252,0.160544903
2020-08-03,289.839996,301.962006,288.876007,297,44046500,3.699494949,0.867424242,0.07540404,0.8925,0.032093434,0.142998864
2020-08-04,299.002014,305.481995,292.399994,297.399994,42075000,5.658273381,1.221822542,0.066484412,0.90453717,0.02897482,0.108832974
2020-08-05,298.597992,299.967987,293.661987,297.003998,24890000,7.74691358,1.240740741,0.070485185,0.897830864,0.031685185,0.125375309
2020-08-06,298.165985,303.462006,295.451996,297.915985,29961500,6.531553398,1.127427184,0.072256068,0.897695388,0.030032767,0.132858617
2020-08-07,299.90799,299.950012,283.002014,290.541992,44482000,6.511500548,1.273822563,0.074028478,0.893046002,0.032922234,0.129573494
2020-08-10,289.600006,291.5,277.167999,283.713989,37611500,10.3263965,1.52354874,0.078231106,0.887975904,0.033795181,0.143419934
2020-08-11,279.200012,284,273,274.877991,43129000,5.552268245,0.924063116,0.071714004,0.901857988,0.026425049,0.13817643
2020-08-12,294,317,287,310.951996,109494000,5.55214228,1.038803557,0.070890865,0.898485853,0.030620049,0.132646241
2020-08-13,322.200012,330.235992,313.451996,324.200012,102126500,6.586276488,1.306760848,0.082485368,0.88784561,0.029672048,0.155123613
2020-08-14,332.997986,333.76001,325.328003,330.141998,62888000,5.310907238,0.893985729,0.079191641,0.896051988,0.024756371,0.158374924
2020-08-17,335.399994,369.171997,334.56601,367.127991,101211500,8.832440704,1.661820964,0.077899005,0.893611324,0.028492731,0.1391785
2020-08-18,379.798004,384.779999,369.022003,377.417999,82372500,4.021953066,0.787282362,0.078651779,0.894419379,0.026922029,0.158646329
2020-08-19,373,382.200012,368.242004,375.705994,61026500,5.08781362,1.061827957,0.072678315,0.898663082,0.028647849,0.135410842
2020-08-20,372.135986,404.39801,371.411987,400.365997,103059000,6.578153289,1.115872058,0.085001207,0.882208208,0.032789982,0.146933494
2020-08-21,408.951996,419.097992,405.01001,409.996002,107448000,6.126751592,1.224203822,0.078116561,0.892880892,0.029003185,0.152153121
2020-08-24,425.256012,425.799988,385.503998,402.839996,100318000,7.65,1.464035088,0.070491228,0.894647368,0.03485614,0.114324211
2020-08-25,394.977997,405.589996,393.600006,404.667999,53294500,5.028518859,0.879484821,0.071557498,0.901685373,0.02675345,0.140810212
2020-08-26,412,433.200012,410.726013,430.634003,71197000,5.813135985,1.110083256,0.076906568,0.893046253,0.030055504,0.150950971
2020-08-27,436.09201,459.119995,428.5,447.75,118465000,3.794612795,0.666666667,0.079604377,0.886563131,0.03383165,0.140526515
2020-08-28,459.023987,463.697998,437.303986,442.679993,100406000,4.877894737,1.112982456,0.071157895,0.892705263,0.036129825,0.113267018
2020-08-31,444.609985,500.140015,440.109985,498.320007,118374400,4.171667486,0.886866699,0.079418101,0.888002951,0.032581407,0.144143876
2020-09-01,502.140015,502.48999,470.51001,475.049988,90119400,4.24445741,0.670945158,0.071208868,0.897652275,0.031136523,0.130170712
2020-09-02,478.98999,479.040009,405.119995,447.369995,96176100,11.07913669,1.365107914,0.07171283,0.899356715,0.028929257,0.126588729
2020-09-03,407.230011,431.799988,402,407,87596100,6.034332085,1.0443196,0.087247191,0.879749064,0.033001248,0.134389014
2020-09-04,402.809998,428,372.019989,418.320007,110321900,6.582568807,0.878440367,0.071848624,0.894186544,0.033974771,0.112822859
2020-09-08,356,368.73999,329.880005,330.209991,115465700,5.154894046,0.928859738,0.068981837,0.889529768,0.041486882,0.076095106
2020-09-09,356.600006,369,341.51001,366.279999,79465800,6.823676012,1.009345794,0.069834268,0.896447975,0.033715265,0.11347676
2020-09-10,386.209991,398.98999,360.559998,371.339996,84930600,5.568318318,1.009009009,0.077916667,0.884971471,0.037117117,0.13207515
2020-09-11,381.940002,382.5,360.5,372.720001,60717500,6.739336493,0.941548183,0.067466035,0.899734597,0.032801738,0.10777188
2020-09-14,380.950012,420,373.299988,419.619995,83020600,6.52372093,0.864186047,0.080290233,0.89072,0.028990698,0.14776307
2020-09-15,436.559998,461.940002,430.700012,449.76001,97298200,5.654634146,0.861463415,0.08110439,0.886446829,0.032442927,0.153377854
2020-09-16,439.869995,457.790009,435.309998,441.76001,72279300,4.147880041,0.977249224,0.080364012,0.890889349,0.028740434,0.171827301
2020-09-17,415.600006,437.790009,408,423.429993,76779200,58.53107861,4.003656307,0.075670018,0.886931444,0.037399452,0.118370201
2020-09-18,447.940002,451,428.799988,442.149994,86406800,5.386899563,0.816593886,0.075753712,0.889308297,0.034943231,0.121053537
2020-09-21,453.130005,455.679993,407.070007,449.390015,109476800,8.505655356,1.283433134,0.08208982,0.889632069,0.028291417,0.161286959
2020-09-22,429.600006,437.76001,417.600006,424.230011,79580800,5.845023565,0.837260882,0.078824508,0.889409759,0.031765733,0.136829554
2020-09-23,405.160004,412.149994,375.880005,380.359985,95074200,5.590120553,1.07056748,0.064853278,0.899799177,0.035344605,0.091420171
2020-09-24,363.799988,399.5,351.299988,387.790009,96561100,4.937856328,1.051881414,0.069073546,0.896815279,0.034115735,0.106853307
2020-09-25,393.470001,408.730011,391.299988,407.339996,67208500,7.646024465,0.891437309,0.069647554,0.898877676,0.031480122,0.127079587
2020-09-28,424.619995,428.079987,415.549988,421.200012,49719600,9.783693844,1.197171381,0.07905574,0.892396839,0.028551581,0.148297837
2020-09-29,416,428.5,411.600006,419.070007,50219300,6.195616883,1.047077922,0.072402597,0.894589286,0.033010552,0.119289205
2020-09-30,421.320007,433.929993,420.470001,429.01001,48145600,6.683206107,1.006679389,0.070645992,0.899515267,0.029841603,0.132664695
2020-10-01,440.76001,448.880005,434.420013,448.160004,50741500,5.143961353,1.025120773,0.08353913,0.883209662,0.033247343,0.157790821
2020-10-02,421.390015,439.130005,415,415.089996,71430000,9.16367552,1.381909548,0.076404164,0.896114142,0.027476669,0.133410266
2020-10-05,423.350006,433.640015,419.329987,425.679993,44722800,4.780442804,0.892066421,0.0709631,0.903147601,0.025880074,0.140646218
2020-10-06,423.790009,428.779999,406.049988,413.980011,49146300,7.419567262,1.174976482,0.071080903,0.899430856,0.029491063,0.130377799
2020-10-07,419.869995,429.899994,413.850006,425.299988,43127700,5.684895833,1.011284722,0.065295139,0.895072049,0.039627604,0.082288715
2020-10-08,438.440002,439,425.299988,425.920013,40421100,7.497148289,1.259505703,0.065456274,0.90825,0.026290875,0.126578802
2020-10-09,430.130005,434.589996,426.459991,434,28925700,5.497365648,1.014752371,0.076920969,0.893919916,0.029157007,0.155017176
2020-10-12,442,448.73999,438.579987,442.299988,38791100,14.40427807,1.639572193,0.067760428,0.910838503,0.021406417,0.140846417
2020-10-13,443.350006,448.890015,436.600006,446.649994,34463700,6.095688749,1.257623554,0.063498423,0.902338591,0.034155626,0.10493081
2020-10-14,449.779999,465.899994,447.350006,461.299988,48045400,8.224532225,2.464656965,0.071112266,0.89233368,0.036545738,0.108077859
2020-10-15,450.309998,456.570007,442.5,448.880005,35672400,9.828820116,1.227272727,0.070937137,0.891706963,0.03734236,0.100765474
2020-10-16,454.440002,455.950012,438.850006,439.670013,32775900,7.378082192,1.225570776,0.076539726,0.889936073,0.033536986,0.141115251
2020-10-19,446.23999,447,428.869995,430.829987,36287800,8.48973607,1.608993157,0.070892473,0.899698925,0.029408602,0.134210753
2020-10-20,431.75,431.75,419.049988,421.940002,31656300,7.544684854,1.147695202,0.064818438,0.906099718,0.029084666,0.110076294
2020-10-21,422.700012,432.950012,421.25,422.640015,32370500,6.105981795,0.845253576,0.077714564,0.891371261,0.030917425,0.140589987
2020-10-22,441.920013,445.230011,424.51001,425.790009,39993200,7.39679817,0.864493997,0.074361921,0.894257862,0.031378502,0.12851315
2020-10-23,421.839996,422.890015,407.380005,420.630005,33717000,10.18070554,1.277897768,0.078573794,0.890850972,0.030572354,0.143303456
2020-10-26,411.630005,425.76001,410,420.279999,28239200,12.71290944,1.78805395,0.078871869,0.88495183,0.03617052,0.129386994
2020-10-27,423.76001,430.5,420.100006,424.679993,22686500,12.62695925,1.31138976,0.077284222,0.895806688,0.026907001,0.157119436
2020-10-28,416.480011,418.600006,406,406.019989,25451400,6.790123457,0.928170595,0.080860831,0.888716049,0.030426487,0.169248036
2020-10-29,409.959991,418.059998,406.459991,410.829987,22655300,8.879180151,0.971952535,0.085441208,0.890093851,0.024458468,0.19342891
2020-10-30,406.899994,407.589996,379.109985,388.040009,42511300,6.493478261,0.851086957,0.080798913,0.887078261,0.03213587,0.161961522
2020-11-02,394,406.980011,392.299988,400.51001,29021100,10.44575472,1.297169811,0.072158019,0.897788915,0.030055425,0.136698231
2020-11-03,409.730011,427.769989,406.690002,423.899994,34351700,9.175603217,1.04691689,0.080191689,0.893383378,0.026423592,0.17119504
2020-11-04,430.619995,435.399994,417.100006,420.980011,32143100,5.503957784,0.840369393,0.090414248,0.884658311,0.024918206,0.191611741
2020-11-05,428.299988,440,424,438.089996,28414500,9.613710555,1.127312296,0.079203482,0.896682263,0.024113166,0.164457998
2020-11-06,436.100006,436.570007,424.279999,429.950012,21706000,17.71442401,2.46660213,0.083201355,0.888159729,0.028648596,0.159485866
2020-11-09,439.5,452.5,421,421.26001,34833000,6.58985667,0.969128997,0.069979052,0.908570011,0.021443219,0.14586957
2020-11-10,420.089996,420.089996,396.029999,410.359985,30284200,12.31152993,1.531042129,0.077076497,0.898060976,0.024859202,0.154172727
2020-11-11,416.450012,418.700012,410.579987,417.130005,17357700,7.435041716,0.972586412,0.072179976,0.90447795,0.023351609,0.152881645
2020-11-12,415.049988,423,409.519989,411.76001,19855100,7.788104089,0.942998761,0.077438662,0.892729864,0.029826518,0.160681537
2020-11-13,410.850006,412.529999,401.660004,408.5,19771100,6.030494217,1.215562566,0.075867508,0.89754469,0.02659306,0.14597245
2020-11-16,408.929993,412.450012,404.089996,408.089996,26838600,12.04015296,1.272466539,0.085675908,0.892302103,0.022022945,0.190894837
2020-11-17,460.170013,462,433.01001,441.609985,61188300,6.959798995,0.804020101,0.083660804,0.890521985,0.02582098,0.171396043
2020-11-18,448.350006,496,443.5,486.640015,78044000,4.188888889,0.448412698,0.088042857,0.883198413,0.028755556,0.187100079
2020-11-19,492,508.609985,487.570007,499.269989,62475300,6.871323529,0.782169118,0.084000919,0.888634191,0.027366728,0.178253309
2020-11-20,497.98999,502.5,489.059998,489.609985,32807300,6.189473684,0.657894737,0.085596842,0.885727368,0.028678947,0.187523263
2020-11-23,503.5,526,501.790009,521.849976,50260300,5.494393476,0.794087666,0.078248726,0.883634047,0.038120285,0.140656371
2020-11-24,540.400024,559.98999,526.200012,555.380005,53648500,12.9763866,2.382207578,0.081287754,0.883950027,0.034760571,0.162645854
2020-11-25,550.059998,574,545.369995,574,48930200,7.940402477,0.920278638,0.073585913,0.896430341,0.029977554,0.145672291
2020-11-27,581.159973,598.780029,578.450012,585.76001,37561100,9.922902494,0.955782313,0.076365079,0.892351474,0.031286848,0.13504966
2020-11-30,602.210022,607.799988,554.51001,567.599976,63003100,12.40441176,1.094537815,0.076401261,0.895933824,0.027665966,0.144597164
2020-12-01,597.590027,597.849976,572.049988,584.76001,40382800,6.117156648,0.616498464,0.075654673,0.895247038,0.029089952,0.148546424
2020-12-02,556.440002,571.539978,541.210022,568.820007,47775700,6.730997038,0.821816387,0.072393386,0.898785291,0.028825271,0.135633712
2020-12-03,590.02002,598.969971,582.429993,593.380005,42552000,6.331122449,0.808163265,0.074156122,0.894558163,0.031277551,0.132695969
2020-12-04,591.01001,599.039978,585.5,599.039978,29401300,4.220320856,0.555080214,0.078679144,0.890942246,0.03037754,0.149855294
2020-12-07,604.919983,648.789978,603.049988,641.76001,56309700,5.646678967,0.706642066,0.076801661,0.890499539,0.032696956,0.124926015
2020-12-08,625.51001,651.280029,618.5,649.880005,64265000,8.544235925,1.056300268,0.06902815,0.897634383,0.033336126,0.113611729
2020-12-09,653.690002,654.320007,588,604.47998,71291200,8.971986418,0.78098472,0.076855688,0.890217317,0.032913413,0.137617233
2020-12-10,574.369995,627.75,566.340027,627.070007,67083200,5.143295355,0.62138475,0.077568799,0.884446976,0.037982472,0.128439439
2020-12-11,615.01001,624,596.799988,609.98999,46475000,7.53027027,1.024864865,0.076058919,0.891030811,0.032907027,0.146009243
2020-12-14,619,642.75,610.200012,639.830017,52040600,11.27353556,1.05125523,0.072584728,0.896142259,0.031268828,0.127509833
2020-12-15,643.280029,646.900024,623.799988,633.25,45223600,7.053151458,0.989181562,0.06711477,0.908707902,0.024170743,0.13435588
2020-12-16,628.22998,632.5,605,622.77002,42095800,8.088455772,0.868065967,0.079766117,0.890955022,0.029275862,0.162825637
2020-12-17,628.190002,658.820007,619.5,655.900024,56270100,13.60926829,2.028292683,0.076606341,0.895107805,0.028284878,0.145061463
2020-12-18,668.900024,695,628.539978,695,222126200,7.225747629,0.716994894,0.075776076,0.890621809,0.033601751,0.134768964
2020-12-21,666.23999,668.5,646.070007,649.859985,58045300,7.283796441,0.948485795,0.077673119,0.896137683,0.026188573,0.157899625
2020-12-22,648,649.880005,614.22998,640.340027,51716000,4.749742179,0.798899966,0.072503266,0.902433139,0.025066346,0.152489722
2020-12-23,632.200012,651.5,622.570007,645.97998,33173000,8.19875573,1.129011133,0.069256713,0.897311067,0.03343353,0.113802685
2020-12-24,642.98999,666.090027,641,661.77002,22865600,6.572590012,0.895470383,0.086445993,0.887826945,0.025730546,0.187340767
2020-12-28,674.51001,681.400024,660.799988,663.690002,32278600,10.22109533,1.155848546,0.081236646,0.890212982,0.028554429,0.161571298
2020-12-29,661,669.900024,655,665.98999,22910800,11.68008627,1.453271028,0.076772825,0.896392164,0.026838965,0.15661844
2020-12-30,672,696.599976,668.359985,694.780029,42846000,10.15334358,1.085318985,0.082645657,0.89005957,0.027287471,0.167789816
